{"my_stone_count": 2.335428211382358, "his_stone_count": -4.675480036217989, "my_mobility": 0.7745745033105554, "his_mobility": -1.6843154060955465, "my_stones_threatened": -0.8416563876677104, "his_stones_threatened": -0.4053159834914636, "my_unique_stones_threatened": -1.213170998009463, "his_unique_stones_threatened": 0.4818868478867762, "my_ones": -6.4544781358468555, "his_ones": 6.615632351275348, "my_twos": 1.672250557047391, "his_twos": -3.284004324032569, "my_threes": 0.8552149810710369, "his_threes": -3.7989737277345004, "my_fours": 2.046511231017083, "his_fours": -1.4131556662197104, "my_threatened_ones": -12.371703243815036, "his_threatened_ones": 5.6733675162431645, "my_defensive_stones": -2.879396081446092, "his_defensive_stones": -3.5783137288731246, "my_offensive_stones": 3.7502525042107346, "his_offensive_stones": -1.9726463435628163, "my_unthreatened_stones": 1.748599209391804, "his_unthreatened_stones": -3.3573668841047484, "my_active_stones": -1.1982092715221504, "his_active_stones": -2.6494049598979035, "my_diagonal_stone_count1": 0.5483018067930346, "my_diagonal_stone_count2": 0.32255461597165963, "his_diagonal_stone_count1": -2.548648646939344, "his_diagonal_stone_count2": -3.0023114254966607, "my_offensive_front_stone_count": -1.0446458345433391, "his_offensive_front_stone_count": -2.1781963174267958, "my_back_stone_count": 1.5800740459256628, "his_back_stone_count": -0.6972837187912254, "my_vertical_stone_count1": 0.32255461597165963, "my_vertical_stone_count2": 0.5483018067930346, "his_vertical_stone_count1": -3.0023114254966607, "his_vertical_stone_count2": -2.548648646939344, "my_connected_stones": 1.5839587322305515, "his_connected_stones": -0.4666252642058603, "my_average_mobility": -0.5734161209523876, "his_average_mobility": -3.4279024870028736, "my_average_threatening": 0.2849033823018751, "his_average_threatening": -0.5659231425740551, "diff_stone_count": 4.0109082476003435, "diff_mobility": 1.9588899094061187, "diff_threatened": -1.0636595958237616, "diff_unique_threatened": 0.595057845896227}